Window,Objective,Selection Size,Model,Evaluation Count,Observed Count,Observed Rate,Random Rate,Expected Count,Lift,Rate CI Low,Rate CI High,Lift CI Low,Lift CI High,Exact p-value,Monte Carlo p-value,Mean Hit@4,Mean Hit@5,Mean Hit@6,q-value,Evidence Status
All,Exact,4,M1,15803,42,0.002657723217110675,0.003063392303898633,48.4107885785101,0.867575208610506,0.0019161040085510994,0.0035907901397133814,0.6254843710720841,1.1721613765052403,0.8402212079487679,0.8392232155356892,0.9937986458267417,,,0.8402212079487679,No historical evidence
All,Exact,4,M2,15803,53,0.0033537935834968046,0.003063392303898633,48.4107885785101,1.0947972870561147,0.0025132002613913705,0.00438457762086787,0.8203977852242237,1.4312817902192374,0.2728530091036954,0.2763344733105338,1.002341327596026,,,0.8255848905921434,Promising historical signal - insufficient evidence
All,Exact,4,M3,15803,45,0.002847560589761438,0.003063392303898633,48.4107885785101,0.9295448663683994,0.0020777654410753226,0.0038084253798344857,0.6782564017122619,1.243205245044092,0.7076441919361229,0.7070458590828184,1.000696070366386,,,0.8255848905921434,No historical evidence
All,Exact,4,M4,15803,47,0.0029741188381952792,0.003063392303898633,48.4107885785101,0.970857971540328,0.0021860642411992157,0.003953007252776153,0.7136089747359867,1.2904019011033452,0.5997947887313383,0.6008279834403312,1.0005695121179523,,,0.8255848905921434,No historical evidence
All,Exact,4,M5,15803,48,0.0030373979624122,0.003063392303898633,48.4107885785101,0.9915145241262925,0.0022403608924131883,0.004025155303566461,0.7313333292513623,1.313953586174333,0.5428184114850584,0.5444691106177877,0.9942415996962602,,,0.8255848905921434,No historical evidence
All,Exact,4,M6,15803,46,0.0029108397139783583,0.003063392303898633,48.4107885785101,0.9502014189543636,0.002131864696279316,0.003880764954410003,0.6959163191623201,1.2668194502777652,0.6551022955407797,0.6535069298614028,0.9920901094728849,,,0.8255848905921434,No historical evidence
All,Exact,4,Ensemble,15803,47,0.0029741188381952792,0.003063392303898633,48.4107885785101,0.970857971540328,0.0021860642411992157,0.003953007252776153,0.7136089747359867,1.2904019011033452,0.5997947887313383,0.5975680486390272,0.9946212744415617,,,0.8255848905921434,No historical evidence
All,Exact,5,M1,15803,10,0.0006327912421692084,0.0006449246955576069,10.191744963896863,0.9811862478333104,0.00030348837552572676,0.0011634167030822949,0.4705795538862539,1.8039574404518588,0.5658651724168586,0.5684086318273635,,1.245459722837436,,0.9742064375662667,No historical evidence
All,Exact,5,M2,15803,10,0.0006327912421692084,0.0006449246955576069,10.191744963896863,0.9811862478333104,0.00030348837552572676,0.0011634167030822949,0.4705795538862539,1.8039574404518588,0.5658651724168586,0.5660686786264275,,1.2534328924887679,,0.9742064375662667,No historical evidence
All,Exact,5,M3,15803,7,0.00044295386951844585,0.0006449246955576069,10.191744963896863,0.6868303734833173,0.00017810838251459233,0.0009124399406705656,0.2761692702131656,1.414800746437013,0.8815718239981029,0.8834023319533609,,1.247737771309245,,0.9742064375662667,No historical evidence
All,Exact,5,M4,15803,6,0.000379674745301525,0.0006449246955576069,10.191744963896863,0.5887117486999862,0.0001393462772665973,0.0008262075086636003,0.21606596588167157,1.2810914426982127,0.9398869311129434,0.9386412271754565,,1.2443839777257484,,0.9742064375662667,No historical evidence
All,Exact,5,M5,15803,16,0.0010124659874707334,0.0006449246955576069,10.191744963896863,1.5698979965332966,0.0005788190330362717,0.0016436619918692077,0.8974986335975556,2.548610718725982,0.05566137436878355,0.054258914821703565,,1.2396380434094791,,0.38962962058148487,Promising historical signal - insufficient evidence
All,Exact,5,M6,15803,5,0.0003163956210846042,0.0006449246955576069,10.191744963896863,0.4905931239166552,0.00010274052262715566,0.0007382060639978813,0.15930623115358516,1.1446391634291855,0.9742064375662667,0.9743405131897362,,1.2426121622476745,,0.9742064375662667,No historical evidence
All,Exact,5,Ensemble,15803,11,0.0006960703663861292,0.0006449246955576069,10.191744963896863,1.0793048726166414,0.0003475254027993285,0.0012451200442614133,0.538861986822904,1.9306440780421237,0.4409426375732343,0.4391112177756445,,1.243055116117193,,0.9742064375662667,Promising historical signal - insufficient evidence
All,Exact,6,M1,15803,5,0.0003163956210846042,0.0001289849391115214,2.0383489927793725,2.452965619583276,0.00010274052262715566,0.0007382060639978813,0.7965311557679258,5.7231958171459265,0.05616748108489517,0.05635887282254355,,,1.4973739163449977,0.1965861837971331,Insufficient tail sample
All,Exact,6,M2,15803,2,0.00012655824843384167,0.0001289849391115214,2.0383489927793725,0.9811862478333103,1.532715851797174e-05,0.00045709634095759656,0.11882905572967521,3.5437962300574295,0.6042923701182483,0.6080478390432191,,,1.499715243941024,0.8460093181655477,Insufficient tail sample
All,Exact,6,M3,15803,1,6.327912421692084e-05,0.0001289849391115214,2.0383489927793725,0.49059312391665516,1.6020874329945884e-06,0.00035251772122649644,0.012420732560174418,2.7330145957715795,0.8697735553922621,0.8681026379472411,,,1.4998418021894577,0.8697735553922621,Insufficient tail sample
All,Exact,6,M4,15803,1,6.327912421692084e-05,0.0001289849391115214,2.0383489927793725,0.49059312391665516,1.6020874329945884e-06,0.00035251772122649644,0.012420732560174418,2.7330145957715795,0.8697735553922621,0.868362632747345,,,1.4982598240840346,0.8697735553922621,Insufficient tail sample
All,Exact,6,M5,15803,5,0.0003163956210846042,0.0001289849391115214,2.0383489927793725,2.452965619583276,0.00010274052262715566,0.0007382060639978813,0.7965311557679258,5.7231958171459265,0.05616748108489517,0.05735885282294354,,,1.4873125355945074,0.1965861837971331,Insufficient tail sample
All,Exact,6,M6,15803,2,0.00012655824843384167,0.0001289849391115214,2.0383489927793725,0.9811862478333103,1.532715851797174e-05,0.00045709634095759656,0.11882905572967521,3.5437962300574295,0.6042923701182483,0.6049479010419792,,,1.4957919382395748,0.8460093181655477,Insufficient tail sample
All,Exact,6,Ensemble,15803,2,0.00012655824843384167,0.0001289849391115214,2.0383489927793725,0.9811862478333103,1.532715851797174e-05,0.00045709634095759656,0.11882905572967521,3.5437962300574295,0.6042923701182483,0.6031879362412752,,,1.490792887426438,0.8460093181655477,Insufficient tail sample
All,NearPerfect,4,M1,15803,668,0.04227045497690312,0.046311283653055806,731.8572155692409,0.9127463469502415,0.03918630895717184,0.045524482671293165,0.8461503518394953,0.9830105987202381,0.9931587407965718,0.9935601287974241,0.9937986458267417,,,0.9931587407965718,No historical evidence
All,NearPerfect,4,M2,15803,703,0.04448522432449535,0.046311283653055806,731.8572155692409,0.960569883092844,0.04132325876522127,0.04781619641010834,0.8922935299050946,1.0324955958536304,0.8670680490818429,0.8656026879462411,1.002341327596026,,,0.9931587407965718,No historical evidence
All,NearPerfect,4,M3,15803,718,0.045434411187749164,0.046311283653055806,731.8572155692409,0.9810656842968165,0.04223977187165335,0.048797683338289266,0.912083806359062,1.0536888526748793,0.7051949865442018,0.7059858802823944,1.000696070366386,,,0.9872729811618826,No historical evidence
All,NearPerfect,4,M4,15803,766,0.04847180915016136,0.046311283653055806,731.8572155692409,1.0466522481495284,0.045175172601030926,0.05193588765979538,0.9754679429631851,1.1214521292235535,0.1020420165042988,0.10373792524149517,1.0005695121179523,,,0.7142941155300916,Promising historical signal - insufficient evidence
All,NearPerfect,4,M5,15803,743,0.04701638929317218,0.046311283653055806,731.8572155692409,1.0152253529701039,0.043768152435835594,0.050432637840554344,0.9450861428011312,1.0889924412023202,0.3417717832048426,0.3456730865382692,0.9942415996962602,,,0.9872729811618826,Promising historical signal - insufficient evidence
All,NearPerfect,4,M6,15803,730,0.046193760678352215,0.046311283653055806,731.8572155692409,0.9974623252599945,0.042973262952505885,0.0495825928359455,0.9279220864280737,1.0706374111198673,0.5332893998067954,0.5324693506129877,0.9920901094728849,,,0.9872729811618826,No historical evidence
All,NearPerfect,4,Ensemble,15803,719,0.045497690311966085,0.046311283653055806,731.8572155692409,0.982432071043748,0.042300886703088306,0.04886310187003919,0.9134034595108254,1.0551014356695554,0.6919274238211696,0.6906661866762664,0.9946212744415617,,,0.9872729811618826,No historical evidence
All,NearPerfect,5,M1,15803,187,0.011833196228564196,0.012737262737262736,201.28696303696302,0.9290219156700205,0.010205933615793063,0.013643661317521932,0.8012658470124594,1.0711611748109378,0.8532223415458411,0.8545029099418011,,1.245459722837436,,0.9409271620977722,No historical evidence
All,NearPerfect,5,M2,15803,199,0.012592545719167247,0.012737262737262736,201.28696303696302,0.988638295285209,0.010912540560218943,0.014455336937665385,0.8567414196689539,1.1348856685963178,0.5740116736038713,0.5727285454290915,,1.2534328924887679,,0.9409271620977722,No historical evidence
All,NearPerfect,5,M3,15803,180,0.011390242359045752,0.012737262737262736,201.28696303696302,0.8942456942278273,0.009794557947132332,0.013169378333132168,0.7689688239278012,1.033925310703161,0.9409271620977722,0.9412811743765125,,1.247737771309245,,0.9409271620977722,No historical evidence
All,NearPerfect,5,M4,15803,181,0.011453521483262672,0.012737262737262736,201.28696303696302,0.8992137258624263,0.009853287508227516,0.013237171135383249,0.7735796702537839,1.039247710315187,0.9317604969235823,0.9321213575728485,,1.2443839777257484,,0.9409271620977722,No historical evidence
All,NearPerfect,5,M5,15803,208,0.013162057837119535,0.012737262737262736,201.28696303696302,1.0333505799966005,0.011443569655415592,0.015063027555203678,0.8984324098094909,1.1825953398242262,0.3263567269016925,0.32873342533149336,,1.2396380434094791,,0.9409271620977722,Promising historical signal - insufficient evidence
All,NearPerfect,5,M6,15803,204,0.012908941340251851,0.012737262737262736,201.28696303696302,1.0134784534582042,0.011207447818173882,0.014793050975001778,0.8798945306660436,1.1613995314491592,0.43320842838934015,0.43205135897282054,,1.2426121622476745,,0.9409271620977722,Promising historical signal - insufficient evidence
All,NearPerfect,5,Ensemble,15803,210,0.013288616085553377,0.012737262737262736,201.28696303696302,1.0432866432657986,0.011561694207755937,0.015197952652001722,0.9077063452520544,1.1931882827179392,0.27752300983719363,0.2799944001119978,,1.243055116117193,,0.9409271620977722,Promising historical signal - insufficient evidence
All,NearPerfect,6,M1,15803,46,0.0029108397139783583,0.003224623477788035,50.95872481948432,0.9026913480066454,0.002131864696279316,0.003880764954410003,0.661120503204204,1.2034784777638767,0.7753139662986195,0.7762844743105138,,,1.4973739163449977,0.9884073410888824,No historical evidence
All,NearPerfect,6,M2,15803,52,0.0032905144592798837,0.003224623477788035,50.95872481948432,1.0204336977466428,0.0024584604362282722,0.004312860421841899,0.762402324849002,1.3374772129366097,0.46054533029132744,0.4580308393832123,,,1.499715243941024,0.9884073410888824,Promising historical signal - insufficient evidence
All,NearPerfect,6,M3,15803,46,0.0029108397139783583,0.003224623477788035,50.95872481948432,0.9026913480066454,0.002131864696279316,0.003880764954410003,0.661120503204204,1.2034784777638767,0.7753139662986195,0.7789844203115938,,,1.4998418021894577,0.9884073410888824,No historical evidence
All,NearPerfect,6,M4,15803,38,0.0024046067202429917,0.003224623477788035,50.95872481948432,0.7457015483533157,0.0017021875438667387,0.003299031717994227,0.5278717207115209,1.0230750165775115,0.9748564659601907,0.9741605167896642,,,1.4982598240840346,0.9884073410888824,No historical evidence
All,NearPerfect,6,M5,15803,64,0.0040498639498829335,0.003224623477788035,50.95872481948432,1.2559183972266372,0.00312024365964541,0.0051686835651065886,0.9676303857298013,1.6028797162551525,0.043021172215302786,0.04271914561708766,,,1.4873125355945074,0.15057410275355976,Promising historical signal - insufficient evidence
All,NearPerfect,6,M6,15803,36,0.0022780484718091503,0.003224623477788035,50.95872481948432,0.7064540984399834,0.0015960115517676227,0.0031523980364879835,0.49494508824404637,0.9776018993232676,0.9884073410888824,0.9893802123957521,,,1.4957919382395748,0.9884073410888824,No historical evidence
All,NearPerfect,6,Ensemble,15803,64,0.0040498639498829335,0.003224623477788035,50.95872481948432,1.2559183972266372,0.00312024365964541,0.0051686835651065886,0.9676303857298013,1.6028797162551525,0.043021172215302786,0.040859182816343674,,,1.490792887426438,0.15057410275355976,Promising historical signal - insufficient evidence
Last 25,Exact,4,M1,25,0,0.0,0.003063392303898633,0.07658480759746583,0.0,0.0,0.1371851715307125,0.0,44.78211013200088,1.0,1.0,0.96,,,1.0,Insufficient tail sample
Last 25,Exact,4,M2,25,0,0.0,0.003063392303898633,0.07658480759746583,0.0,0.0,0.1371851715307125,0.0,44.78211013200088,1.0,1.0,0.96,,,1.0,Insufficient tail sample
Last 25,Exact,4,M3,25,0,0.0,0.003063392303898633,0.07658480759746583,0.0,0.0,0.1371851715307125,0.0,44.78211013200088,1.0,1.0,1.04,,,1.0,Insufficient tail sample
Last 25,Exact,4,M4,25,0,0.0,0.003063392303898633,0.07658480759746583,0.0,0.0,0.1371851715307125,0.0,44.78211013200088,1.0,1.0,1.16,,,1.0,Insufficient tail sample
Last 25,Exact,4,M5,25,0,0.0,0.003063392303898633,0.07658480759746583,0.0,0.0,0.1371851715307125,0.0,44.78211013200088,1.0,1.0,0.92,,,1.0,Insufficient tail sample
Last 25,Exact,4,M6,25,0,0.0,0.003063392303898633,0.07658480759746583,0.0,0.0,0.1371851715307125,0.0,44.78211013200088,1.0,1.0,1.16,,,1.0,Insufficient tail sample
Last 25,Exact,4,Ensemble,25,0,0.0,0.003063392303898633,0.07658480759746583,0.0,0.0,0.1371851715307125,0.0,44.78211013200088,1.0,1.0,0.72,,,1.0,Insufficient tail sample
Last 25,Exact,5,M1,25,0,0.0,0.0006449246955576069,0.01612311738894017,0.0,0.0,0.1371851715307125,0.0,212.7150231270042,1.0,1.0,,1.24,,1.0,Insufficient tail sample
Last 25,Exact,5,M2,25,0,0.0,0.0006449246955576069,0.01612311738894017,0.0,0.0,0.1371851715307125,0.0,212.7150231270042,1.0,1.0,,1.16,,1.0,Insufficient tail sample
Last 25,Exact,5,M3,25,0,0.0,0.0006449246955576069,0.01612311738894017,0.0,0.0,0.1371851715307125,0.0,212.7150231270042,1.0,1.0,,1.36,,1.0,Insufficient tail sample
Last 25,Exact,5,M4,25,0,0.0,0.0006449246955576069,0.01612311738894017,0.0,0.0,0.1371851715307125,0.0,212.7150231270042,1.0,1.0,,1.32,,1.0,Insufficient tail sample
Last 25,Exact,5,M5,25,0,0.0,0.0006449246955576069,0.01612311738894017,0.0,0.0,0.1371851715307125,0.0,212.7150231270042,1.0,1.0,,1.16,,1.0,Insufficient tail sample
Last 25,Exact,5,M6,25,0,0.0,0.0006449246955576069,0.01612311738894017,0.0,0.0,0.1371851715307125,0.0,212.7150231270042,1.0,1.0,,1.28,,1.0,Insufficient tail sample
Last 25,Exact,5,Ensemble,25,0,0.0,0.0006449246955576069,0.01612311738894017,0.0,0.0,0.1371851715307125,0.0,212.7150231270042,1.0,1.0,,1.08,,1.0,Insufficient tail sample
Last 25,Exact,6,M1,25,0,0.0,0.0001289849391115214,0.0032246234777880346,0.0,0.0,0.1371851715307125,0.0,1063.575115635021,1.0,1.0,,,1.56,1.0,Insufficient tail sample
Last 25,Exact,6,M2,25,0,0.0,0.0001289849391115214,0.0032246234777880346,0.0,0.0,0.1371851715307125,0.0,1063.575115635021,1.0,1.0,,,1.32,1.0,Insufficient tail sample
Last 25,Exact,6,M3,25,0,0.0,0.0001289849391115214,0.0032246234777880346,0.0,0.0,0.1371851715307125,0.0,1063.575115635021,1.0,1.0,,,1.72,1.0,Insufficient tail sample
Last 25,Exact,6,M4,25,0,0.0,0.0001289849391115214,0.0032246234777880346,0.0,0.0,0.1371851715307125,0.0,1063.575115635021,1.0,1.0,,,1.64,1.0,Insufficient tail sample
Last 25,Exact,6,M5,25,0,0.0,0.0001289849391115214,0.0032246234777880346,0.0,0.0,0.1371851715307125,0.0,1063.575115635021,1.0,1.0,,,1.4,1.0,Insufficient tail sample
Last 25,Exact,6,M6,25,0,0.0,0.0001289849391115214,0.0032246234777880346,0.0,0.0,0.1371851715307125,0.0,1063.575115635021,1.0,1.0,,,1.68,1.0,Insufficient tail sample
Last 25,Exact,6,Ensemble,25,0,0.0,0.0001289849391115214,0.0032246234777880346,0.0,0.0,0.1371851715307125,0.0,1063.575115635021,1.0,1.0,,,1.28,1.0,Insufficient tail sample
Last 25,NearPerfect,4,M1,25,2,0.08,0.046311283653055806,1.1577820913263952,1.7274407809406787,0.009839590018797513,0.2603058421052142,0.21246636332759603,5.620786589620652,0.3233804469650004,0.3227535449291014,0.96,,,0.4527326257510006,Insufficient tail sample
Last 25,NearPerfect,4,M2,25,2,0.08,0.046311283653055806,1.1577820913263952,1.7274407809406787,0.009839590018797513,0.2603058421052142,0.21246636332759603,5.620786589620652,0.3233804469650004,0.3222335553288934,0.96,,,0.4527326257510006,Insufficient tail sample
Last 25,NearPerfect,4,M3,25,1,0.04,0.046311283653055806,1.1577820913263952,0.8637203904703393,0.0010121996993108454,0.203516913922414,0.021856437988068085,4.394542709009646,0.6943910232411687,0.6933861322773545,1.04,,,0.8101228604480303,Insufficient tail sample
Last 25,NearPerfect,4,M4,25,2,0.08,0.046311283653055806,1.1577820913263952,1.7274407809406787,0.009839590018797513,0.2603058421052142,0.21246636332759603,5.620786589620652,0.3233804469650004,0.3244135117297654,1.16,,,0.4527326257510006,Insufficient tail sample
Last 25,NearPerfect,4,M5,25,2,0.08,0.046311283653055806,1.1577820913263952,1.7274407809406787,0.009839590018797513,0.2603058421052142,0.21246636332759603,5.620786589620652,0.3233804469650004,0.3226535469290614,0.92,,,0.4527326257510006,Insufficient tail sample
Last 25,NearPerfect,4,M6,25,3,0.12,0.046311283653055806,1.1577820913263952,2.591161171411018,0.025465396647733205,0.31219030728623537,0.5498745584015549,6.74112835275806,0.10718441895253904,0.10813783724325514,1.16,,,0.4527326257510006,Insufficient tail sample
Last 25,NearPerfect,4,Ensemble,25,0,0.0,0.046311283653055806,1.1577820913263952,0.0,0.0,0.1371851715307125,0.0,2.9622407480311868,1.0,1.0,0.72,,,1.0,Insufficient tail sample
Last 25,NearPerfect,5,M1,25,0,0.0,0.012737262737262736,0.3184315684315684,0.0,0.0,0.1371851715307125,0.0,10.770380917822997,1.0,1.0,,1.24,,1.0,Insufficient tail sample
Last 25,NearPerfect,5,M2,25,0,0.0,0.012737262737262736,0.3184315684315684,0.0,0.0,0.1371851715307125,0.0,10.770380917822997,1.0,1.0,,1.16,,1.0,Insufficient tail sample
Last 25,NearPerfect,5,M3,25,0,0.0,0.012737262737262736,0.3184315684315684,0.0,0.0,0.1371851715307125,0.0,10.770380917822997,1.0,1.0,,1.36,,1.0,Insufficient tail sample
Last 25,NearPerfect,5,M4,25,0,0.0,0.012737262737262736,0.3184315684315684,0.0,0.0,0.1371851715307125,0.0,10.770380917822997,1.0,1.0,,1.32,,1.0,Insufficient tail sample
Last 25,NearPerfect,5,M5,25,0,0.0,0.012737262737262736,0.3184315684315684,0.0,0.0,0.1371851715307125,0.0,10.770380917822997,1.0,1.0,,1.16,,1.0,Insufficient tail sample
Last 25,NearPerfect,5,M6,25,0,0.0,0.012737262737262736,0.3184315684315684,0.0,0.0,0.1371851715307125,0.0,10.770380917822997,1.0,1.0,,1.28,,1.0,Insufficient tail sample
Last 25,NearPerfect,5,Ensemble,25,0,0.0,0.012737262737262736,0.3184315684315684,0.0,0.0,0.1371851715307125,0.0,10.770380917822997,1.0,1.0,,1.08,,1.0,Insufficient tail sample
Last 25,NearPerfect,6,M1,25,0,0.0,0.003224623477788035,0.08061558694470088,0.0,0.0,0.1371851715307125,0.0,42.54300462540083,1.0,1.0,,,1.56,1.0,Insufficient tail sample
Last 25,NearPerfect,6,M2,25,0,0.0,0.003224623477788035,0.08061558694470088,0.0,0.0,0.1371851715307125,0.0,42.54300462540083,1.0,1.0,,,1.32,1.0,Insufficient tail sample
Last 25,NearPerfect,6,M3,25,0,0.0,0.003224623477788035,0.08061558694470088,0.0,0.0,0.1371851715307125,0.0,42.54300462540083,1.0,1.0,,,1.72,1.0,Insufficient tail sample
Last 25,NearPerfect,6,M4,25,0,0.0,0.003224623477788035,0.08061558694470088,0.0,0.0,0.1371851715307125,0.0,42.54300462540083,1.0,1.0,,,1.64,1.0,Insufficient tail sample
Last 25,NearPerfect,6,M5,25,0,0.0,0.003224623477788035,0.08061558694470088,0.0,0.0,0.1371851715307125,0.0,42.54300462540083,1.0,1.0,,,1.4,1.0,Insufficient tail sample
Last 25,NearPerfect,6,M6,25,0,0.0,0.003224623477788035,0.08061558694470088,0.0,0.0,0.1371851715307125,0.0,42.54300462540083,1.0,1.0,,,1.68,1.0,Insufficient tail sample
Last 25,NearPerfect,6,Ensemble,25,0,0.0,0.003224623477788035,0.08061558694470088,0.0,0.0,0.1371851715307125,0.0,42.54300462540083,1.0,1.0,,,1.28,1.0,Insufficient tail sample
Last 50,Exact,4,M1,50,1,0.02,0.003063392303898633,0.15316961519493166,6.528710010319918,0.0005062279830408294,0.1064695457114999,0.16525078501913623,34.75543944404417,0.14221749709116163,0.14043719125617488,0.94,,,0.9955224796381315,Insufficient tail sample
Last 50,Exact,4,M2,50,0,0.0,0.003063392303898633,0.15316961519493166,0.0,0.0,0.07112173646419764,0.0,23.216659640257113,1.0,1.0,0.92,,,1.0,Insufficient tail sample
Last 50,Exact,4,M3,50,0,0.0,0.003063392303898633,0.15316961519493166,0.0,0.0,0.07112173646419764,0.0,23.216659640257113,1.0,1.0,0.98,,,1.0,Insufficient tail sample
Last 50,Exact,4,M4,50,0,0.0,0.003063392303898633,0.15316961519493166,0.0,0.0,0.07112173646419764,0.0,23.216659640257113,1.0,1.0,1.04,,,1.0,Insufficient tail sample
Last 50,Exact,4,M5,50,0,0.0,0.003063392303898633,0.15316961519493166,0.0,0.0,0.07112173646419764,0.0,23.216659640257113,1.0,1.0,1.04,,,1.0,Insufficient tail sample
Last 50,Exact,4,M6,50,0,0.0,0.003063392303898633,0.15316961519493166,0.0,0.0,0.07112173646419764,0.0,23.216659640257113,1.0,1.0,1.02,,,1.0,Insufficient tail sample
Last 50,Exact,4,Ensemble,50,0,0.0,0.003063392303898633,0.15316961519493166,0.0,0.0,0.07112173646419764,0.0,23.216659640257113,1.0,1.0,0.88,,,1.0,Insufficient tail sample
Last 50,Exact,5,M1,50,1,0.02,0.0006449246955576069,0.03224623477788034,31.01137254901961,0.0005062279830408294,0.1064695457114999,0.7849412288408971,165.08833735920982,0.03174194108620034,0.031479370412591745,,1.32,,0.22219358760340238,Insufficient tail sample
Last 50,Exact,5,M2,50,0,0.0,0.0006449246955576069,0.03224623477788034,0.0,0.0,0.07112173646419764,0.0,110.27913329122129,1.0,1.0,,1.08,,1.0,Insufficient tail sample
Last 50,Exact,5,M3,50,0,0.0,0.0006449246955576069,0.03224623477788034,0.0,0.0,0.07112173646419764,0.0,110.27913329122129,1.0,1.0,,1.24,,1.0,Insufficient tail sample
Last 50,Exact,5,M4,50,0,0.0,0.0006449246955576069,0.03224623477788034,0.0,0.0,0.07112173646419764,0.0,110.27913329122129,1.0,1.0,,1.2,,1.0,Insufficient tail sample
Last 50,Exact,5,M5,50,0,0.0,0.0006449246955576069,0.03224623477788034,0.0,0.0,0.07112173646419764,0.0,110.27913329122129,1.0,1.0,,1.34,,1.0,Insufficient tail sample
Last 50,Exact,5,M6,50,0,0.0,0.0006449246955576069,0.03224623477788034,0.0,0.0,0.07112173646419764,0.0,110.27913329122129,1.0,1.0,,1.2,,1.0,Insufficient tail sample
Last 50,Exact,5,Ensemble,50,0,0.0,0.0006449246955576069,0.03224623477788034,0.0,0.0,0.07112173646419764,0.0,110.27913329122129,1.0,1.0,,1.18,,1.0,Insufficient tail sample
Last 50,Exact,6,M1,50,0,0.0,0.0001289849391115214,0.006449246955576069,0.0,0.0,0.07112173646419764,0.0,551.3956664561065,1.0,1.0,,,1.66,1.0,Insufficient tail sample
Last 50,Exact,6,M2,50,0,0.0,0.0001289849391115214,0.006449246955576069,0.0,0.0,0.07112173646419764,0.0,551.3956664561065,1.0,1.0,,,1.28,1.0,Insufficient tail sample
Last 50,Exact,6,M3,50,0,0.0,0.0001289849391115214,0.006449246955576069,0.0,0.0,0.07112173646419764,0.0,551.3956664561065,1.0,1.0,,,1.52,1.0,Insufficient tail sample
Last 50,Exact,6,M4,50,0,0.0,0.0001289849391115214,0.006449246955576069,0.0,0.0,0.07112173646419764,0.0,551.3956664561065,1.0,1.0,,,1.5,1.0,Insufficient tail sample
Last 50,Exact,6,M5,50,0,0.0,0.0001289849391115214,0.006449246955576069,0.0,0.0,0.07112173646419764,0.0,551.3956664561065,1.0,1.0,,,1.6,1.0,Insufficient tail sample
Last 50,Exact,6,M6,50,0,0.0,0.0001289849391115214,0.006449246955576069,0.0,0.0,0.07112173646419764,0.0,551.3956664561065,1.0,1.0,,,1.44,1.0,Insufficient tail sample
Last 50,Exact,6,Ensemble,50,0,0.0,0.0001289849391115214,0.006449246955576069,0.0,0.0,0.07112173646419764,0.0,551.3956664561065,1.0,1.0,,,1.48,1.0,Insufficient tail sample
Last 50,NearPerfect,4,M1,50,3,0.06,0.046311283653055806,2.3155641826527904,1.295580585705509,0.012548587835334064,0.16548194660377288,0.2709617796246522,3.5732532884100636,0.4100430866502933,0.4101917961640767,0.94,,,0.7175754016380134,Insufficient tail sample
Last 50,NearPerfect,4,M2,50,2,0.04,0.046311283653055806,2.3155641826527904,0.8637203904703393,0.004881433426164382,0.1371376256039674,0.10540483962254164,2.9612140883708475,0.6798348281594919,0.6808863822723545,0.92,,,0.7931406328527406,Insufficient tail sample
Last 50,NearPerfect,4,M3,50,2,0.04,0.046311283653055806,2.3155641826527904,0.8637203904703393,0.004881433426164382,0.1371376256039674,0.10540483962254164,2.9612140883708475,0.6798348281594919,0.6790064198716026,0.98,,,0.7931406328527406,Insufficient tail sample
Last 50,NearPerfect,4,M4,50,3,0.06,0.046311283653055806,2.3155641826527904,1.295580585705509,0.012548587835334064,0.16548194660377288,0.2709617796246522,3.5732532884100636,0.4100430866502933,0.4120117597648047,1.04,,,0.7175754016380134,Insufficient tail sample
Last 50,NearPerfect,4,M5,50,5,0.1,0.046311283653055806,2.3155641826527904,2.159300976175848,0.033275093589022475,0.21813536643420225,0.7185094206911894,4.710199096798493,0.08082065729331121,0.08247835043299134,1.04,,,0.5657446010531785,Insufficient tail sample
Last 50,NearPerfect,4,M6,50,4,0.08,0.046311283653055806,2.3155641826527904,1.7274407809406787,0.022227963654929767,0.19234278359596277,0.4799686361849112,4.153259603791423,0.2004249728297825,0.19789604207915842,1.02,,,0.7014874049042388,Insufficient tail sample
Last 50,NearPerfect,4,Ensemble,50,0,0.0,0.046311283653055806,2.3155641826527904,0.0,0.0,0.07112173646419764,0.0,1.5357323497446338,1.0,1.0,0.88,,,1.0,Insufficient tail sample
Last 50,NearPerfect,5,M1,50,1,0.02,0.012737262737262736,0.6368631368631368,1.5701960784313727,0.0005062279830408294,0.1064695457114999,0.03974385968814669,8.358903157428346,0.47321029768474954,0.4724905501889962,,1.32,,0.8281180209483117,Insufficient tail sample
Last 50,NearPerfect,5,M2,50,0,0.0,0.012737262737262736,0.6368631368631368,0.0,0.0,0.07112173646419764,0.0,5.583753584365635,1.0,1.0,,1.08,,1.0,Insufficient tail sample
Last 50,NearPerfect,5,M3,50,1,0.02,0.012737262737262736,0.6368631368631368,1.5701960784313727,0.0005062279830408294,0.1064695457114999,0.03974385968814669,8.358903157428346,0.47321029768474954,0.4713505729885402,,1.24,,0.8281180209483117,Insufficient tail sample
Last 50,NearPerfect,5,M4,50,0,0.0,0.012737262737262736,0.6368631368631368,0.0,0.0,0.07112173646419764,0.0,5.583753584365635,1.0,1.0,,1.2,,1.0,Insufficient tail sample
Last 50,NearPerfect,5,M5,50,1,0.02,0.012737262737262736,0.6368631368631368,1.5701960784313727,0.0005062279830408294,0.1064695457114999,0.03974385968814669,8.358903157428346,0.47321029768474954,0.4748905021899562,,1.34,,0.8281180209483117,Insufficient tail sample
Last 50,NearPerfect,5,M6,50,1,0.02,0.012737262737262736,0.6368631368631368,1.5701960784313727,0.0005062279830408294,0.1064695457114999,0.03974385968814669,8.358903157428346,0.47321029768474954,0.4738705225895482,,1.2,,0.8281180209483117,Insufficient tail sample
Last 50,NearPerfect,5,Ensemble,50,0,0.0,0.012737262737262736,0.6368631368631368,0.0,0.0,0.07112173646419764,0.0,5.583753584365635,1.0,1.0,,1.18,,1.0,Insufficient tail sample
Last 50,NearPerfect,6,M1,50,1,0.02,0.003224623477788035,0.16123117388940175,6.202274509803921,0.0005062279830408294,0.1064695457114999,0.1569882457681794,33.01766747184196,0.1491263969505874,0.14881702365952681,,,1.66,0.5219423893270559,Insufficient tail sample
Last 50,NearPerfect,6,M2,50,0,0.0,0.003224623477788035,0.16123117388940175,0.0,0.0,0.07112173646419764,0.0,22.055826658244253,1.0,1.0,,,1.28,1.0,Insufficient tail sample
Last 50,NearPerfect,6,M3,50,1,0.02,0.003224623477788035,0.16123117388940175,6.202274509803921,0.0005062279830408294,0.1064695457114999,0.1569882457681794,33.01766747184196,0.1491263969505874,0.1482770344593108,,,1.52,0.5219423893270559,Insufficient tail sample
Last 50,NearPerfect,6,M4,50,0,0.0,0.003224623477788035,0.16123117388940175,0.0,0.0,0.07112173646419764,0.0,22.055826658244253,1.0,1.0,,,1.5,1.0,Insufficient tail sample
Last 50,NearPerfect,6,M5,50,0,0.0,0.003224623477788035,0.16123117388940175,0.0,0.0,0.07112173646419764,0.0,22.055826658244253,1.0,1.0,,,1.6,1.0,Insufficient tail sample
Last 50,NearPerfect,6,M6,50,0,0.0,0.003224623477788035,0.16123117388940175,0.0,0.0,0.07112173646419764,0.0,22.055826658244253,1.0,1.0,,,1.44,1.0,Insufficient tail sample
Last 50,NearPerfect,6,Ensemble,50,0,0.0,0.003224623477788035,0.16123117388940175,0.0,0.0,0.07112173646419764,0.0,22.055826658244253,1.0,1.0,,,1.48,1.0,Insufficient tail sample
Last 100,Exact,4,M1,100,1,0.01,0.003063392303898633,0.3063392303898633,3.264355005159959,0.0002531460329774208,0.054459385392080645,0.08263585197862315,17.77747672825736,0.26420917770344865,0.2651746965060699,1.01,,,1.0,Insufficient tail sample
Last 100,Exact,4,M2,100,0,0.0,0.003063392303898633,0.3063392303898633,0.0,0.0,0.03621669264517641,0.0,11.822414190662146,1.0,1.0,1.08,,,1.0,Insufficient tail sample
Last 100,Exact,4,M3,100,0,0.0,0.003063392303898633,0.3063392303898633,0.0,0.0,0.03621669264517641,0.0,11.822414190662146,1.0,1.0,1.0,,,1.0,Insufficient tail sample
Last 100,Exact,4,M4,100,0,0.0,0.003063392303898633,0.3063392303898633,0.0,0.0,0.03621669264517641,0.0,11.822414190662146,1.0,1.0,1.08,,,1.0,Insufficient tail sample
Last 100,Exact,4,M5,100,0,0.0,0.003063392303898633,0.3063392303898633,0.0,0.0,0.03621669264517641,0.0,11.822414190662146,1.0,1.0,1.08,,,1.0,Insufficient tail sample
Last 100,Exact,4,M6,100,0,0.0,0.003063392303898633,0.3063392303898633,0.0,0.0,0.03621669264517641,0.0,11.822414190662146,1.0,1.0,0.98,,,1.0,Insufficient tail sample
Last 100,Exact,4,Ensemble,100,0,0.0,0.003063392303898633,0.3063392303898633,0.0,0.0,0.03621669264517641,0.0,11.822414190662146,1.0,1.0,0.92,,,1.0,Insufficient tail sample
Last 100,Exact,5,M1,100,1,0.01,0.0006449246955576069,0.06449246955576068,15.505686274509806,0.0002531460329774208,0.054459385392080645,0.39252029689846,84.44301445922247,0.06247633134848087,0.061838763224735506,,1.35,,0.4373343194393661,Insufficient tail sample
Last 100,Exact,5,M2,100,0,0.0,0.0006449246955576069,0.06449246955576068,0.0,0.0,0.03621669264517641,0.0,56.1564674056452,1.0,1.0,,1.3,,1.0,Insufficient tail sample
Last 100,Exact,5,M3,100,0,0.0,0.0006449246955576069,0.06449246955576068,0.0,0.0,0.03621669264517641,0.0,56.1564674056452,1.0,1.0,,1.25,,1.0,Insufficient tail sample
Last 100,Exact,5,M4,100,0,0.0,0.0006449246955576069,0.06449246955576068,0.0,0.0,0.03621669264517641,0.0,56.1564674056452,1.0,1.0,,1.27,,1.0,Insufficient tail sample
Last 100,Exact,5,M5,100,0,0.0,0.0006449246955576069,0.06449246955576068,0.0,0.0,0.03621669264517641,0.0,56.1564674056452,1.0,1.0,,1.37,,1.0,Insufficient tail sample
Last 100,Exact,5,M6,100,0,0.0,0.0006449246955576069,0.06449246955576068,0.0,0.0,0.03621669264517641,0.0,56.1564674056452,1.0,1.0,,1.19,,1.0,Insufficient tail sample
Last 100,Exact,5,Ensemble,100,0,0.0,0.0006449246955576069,0.06449246955576068,0.0,0.0,0.03621669264517641,0.0,56.1564674056452,1.0,1.0,,1.21,,1.0,Insufficient tail sample
Last 100,Exact,6,M1,100,0,0.0,0.0001289849391115214,0.012898493911152139,0.0,0.0,0.03621669264517641,0.0,280.782337028226,1.0,1.0,,,1.65,1.0,Insufficient tail sample
Last 100,Exact,6,M2,100,0,0.0,0.0001289849391115214,0.012898493911152139,0.0,0.0,0.03621669264517641,0.0,280.782337028226,1.0,1.0,,,1.62,1.0,Insufficient tail sample
Last 100,Exact,6,M3,100,0,0.0,0.0001289849391115214,0.012898493911152139,0.0,0.0,0.03621669264517641,0.0,280.782337028226,1.0,1.0,,,1.51,1.0,Insufficient tail sample
Last 100,Exact,6,M4,100,0,0.0,0.0001289849391115214,0.012898493911152139,0.0,0.0,0.03621669264517641,0.0,280.782337028226,1.0,1.0,,,1.54,1.0,Insufficient tail sample
Last 100,Exact,6,M5,100,0,0.0,0.0001289849391115214,0.012898493911152139,0.0,0.0,0.03621669264517641,0.0,280.782337028226,1.0,1.0,,,1.61,1.0,Insufficient tail sample
Last 100,Exact,6,M6,100,0,0.0,0.0001289849391115214,0.012898493911152139,0.0,0.0,0.03621669264517641,0.0,280.782337028226,1.0,1.0,,,1.51,1.0,Insufficient tail sample
Last 100,Exact,6,Ensemble,100,0,0.0,0.0001289849391115214,0.012898493911152139,0.0,0.0,0.03621669264517641,0.0,280.782337028226,1.0,1.0,,,1.5,1.0,Insufficient tail sample
Last 100,NearPerfect,4,M1,100,9,0.09,0.046311283653055806,4.631128365305581,1.9433708785582633,0.04198359562839225,0.1639822550296352,0.9065521902375946,3.540870433610082,0.04260586320167648,0.04431911361772765,1.01,,,0.2982410424117354,Insufficient tail sample
Last 100,NearPerfect,4,M2,100,5,0.05,0.046311283653055806,4.631128365305581,1.079650488087924,0.016431879182052158,0.11283491110546275,0.35481372758208823,2.4364453369674077,0.49538466968663813,0.49329013419731604,1.08,,,0.799846929587552,Insufficient tail sample
Last 100,NearPerfect,4,M3,100,4,0.04,0.046311283653055806,4.631128365305581,0.8637203904703393,0.011004493986188201,0.09925715671265992,0.23762014606697432,2.143260753820857,0.685583082503616,0.6852662946741065,1.0,,,0.799846929587552,Insufficient tail sample
Last 100,NearPerfect,4,M4,100,4,0.04,0.046311283653055806,4.631128365305581,0.8637203904703393,0.011004493986188201,0.09925715671265992,0.23762014606697432,2.143260753820857,0.685583082503616,0.6835063298734025,1.08,,,0.799846929587552,Insufficient tail sample
Last 100,NearPerfect,4,M5,100,7,0.07,0.046311283653055806,4.631128365305581,1.5115106833230938,0.028605288907438704,0.13891972845585732,0.6176742826162456,2.9996950526481645,0.1817066841027358,0.17939641207175858,1.08,,,0.6359733943595753,Insufficient tail sample
Last 100,NearPerfect,4,M6,100,6,0.06,0.046311283653055806,4.631128365305581,1.295580585705509,0.022334886071316385,0.12602993458082296,0.48227741296569826,2.721365607677493,0.31805218801766627,0.31885362292754144,0.98,,,0.7421217720412213,Insufficient tail sample
Last 100,NearPerfect,4,Ensemble,100,2,0.02,0.046311283653055806,4.631128365305581,0.43186019523516966,0.0024313368239425436,0.07038393247107011,0.05249987977351421,1.5198009409187667,0.9489181360384445,0.9478010439791205,0.92,,,0.9489181360384445,Insufficient tail sample
Last 100,NearPerfect,5,M1,100,3,0.03,0.012737262737262736,1.2737262737262736,2.355294117647059,0.006229971538306397,0.08517605297428002,0.4891138439093885,6.687155217823867,0.13581633886193567,0.13523729525409492,,1.35,,0.9507143720335497,Insufficient tail sample
Last 100,NearPerfect,5,M2,100,1,0.01,0.012737262737262736,1.2737262737262736,0.7850980392156863,0.0002531460329774208,0.054459385392080645,0.019874445412580256,4.27559566882139,0.7224926095346098,0.7215655686886262,,1.3,,1.0,Insufficient tail sample
Last 100,NearPerfect,5,M3,100,1,0.01,0.012737262737262736,1.2737262737262736,0.7850980392156863,0.0002531460329774208,0.054459385392080645,0.019874445412580256,4.27559566882139,0.7224926095346098,0.7200455990880182,,1.25,,1.0,Insufficient tail sample
Last 100,NearPerfect,5,M4,100,0,0.0,0.012737262737262736,1.2737262737262736,0.0,0.0,0.03621669264517641,0.0,2.8433654382605167,1.0,1.0,,1.27,,1.0,Insufficient tail sample
Last 100,NearPerfect,5,M5,100,2,0.02,0.012737262737262736,1.2737262737262736,1.5701960784313727,0.0024313368239425436,0.07038393247107011,0.19088377731501854,5.525828737532642,0.3644638487520423,0.3624527509449811,,1.37,,1.0,Insufficient tail sample
Last 100,NearPerfect,5,M6,100,1,0.01,0.012737262737262736,1.2737262737262736,0.7850980392156863,0.0002531460329774208,0.054459385392080645,0.019874445412580256,4.27559566882139,0.7224926095346098,0.7201255974880503,,1.19,,1.0,Insufficient tail sample
Last 100,NearPerfect,5,Ensemble,100,0,0.0,0.012737262737262736,1.2737262737262736,0.0,0.0,0.03621669264517641,0.0,2.8433654382605167,1.0,1.0,,1.21,,1.0,Insufficient tail sample
Last 100,NearPerfect,6,M1,100,1,0.01,0.003224623477788035,0.3224623477788035,3.1011372549019605,0.0002531460329774208,0.054459385392080645,0.07850405937969199,16.88860289184449,0.2760141116337107,0.2757744845103098,,,1.65,0.644032927145325,Insufficient tail sample
Last 100,NearPerfect,6,M2,100,1,0.01,0.003224623477788035,0.3224623477788035,3.1011372549019605,0.0002531460329774208,0.054459385392080645,0.07850405937969199,16.88860289184449,0.2760141116337107,0.2750744985100298,,,1.62,0.644032927145325,Insufficient tail sample
Last 100,NearPerfect,6,M3,100,1,0.01,0.003224623477788035,0.3224623477788035,3.1011372549019605,0.0002531460329774208,0.054459385392080645,0.07850405937969199,16.88860289184449,0.2760141116337107,0.2753544929101418,,,1.51,0.644032927145325,Insufficient tail sample
Last 100,NearPerfect,6,M4,100,0,0.0,0.003224623477788035,0.3224623477788035,0.0,0.0,0.03621669264517641,0.0,11.231293481129038,1.0,1.0,,,1.54,1.0,Insufficient tail sample
Last 100,NearPerfect,6,M5,100,0,0.0,0.003224623477788035,0.3224623477788035,0.0,0.0,0.03621669264517641,0.0,11.231293481129038,1.0,1.0,,,1.61,1.0,Insufficient tail sample
Last 100,NearPerfect,6,M6,100,0,0.0,0.003224623477788035,0.3224623477788035,0.0,0.0,0.03621669264517641,0.0,11.231293481129038,1.0,1.0,,,1.51,1.0,Insufficient tail sample
Last 100,NearPerfect,6,Ensemble,100,0,0.0,0.003224623477788035,0.3224623477788035,0.0,0.0,0.03621669264517641,0.0,11.231293481129038,1.0,1.0,,,1.5,1.0,Insufficient tail sample
Last 250,Exact,4,M1,250,1,0.004,0.003063392303898633,0.7658480759746583,1.3057420020639834,0.00010126610417905014,0.022083865000633206,0.03305685140299321,7.208957524809384,0.535606731221506,0.5344093118137637,0.98,,,1.0,Insufficient tail sample
Last 250,Exact,4,M2,250,0,0.0,0.003063392303898633,0.7658480759746583,0.0,0.0,0.014647188635680363,0.0,4.781362353440525,1.0,1.0,1.04,,,1.0,Insufficient tail sample
Last 250,Exact,4,M3,250,0,0.0,0.003063392303898633,0.7658480759746583,0.0,0.0,0.014647188635680363,0.0,4.781362353440525,1.0,1.0,0.992,,,1.0,Insufficient tail sample
Last 250,Exact,4,M4,250,0,0.0,0.003063392303898633,0.7658480759746583,0.0,0.0,0.014647188635680363,0.0,4.781362353440525,1.0,1.0,1.128,,,1.0,Insufficient tail sample
Last 250,Exact,4,M5,250,0,0.0,0.003063392303898633,0.7658480759746583,0.0,0.0,0.014647188635680363,0.0,4.781362353440525,1.0,1.0,1.004,,,1.0,Insufficient tail sample
Last 250,Exact,4,M6,250,0,0.0,0.003063392303898633,0.7658480759746583,0.0,0.0,0.014647188635680363,0.0,4.781362353440525,1.0,1.0,0.888,,,1.0,Insufficient tail sample
Last 250,Exact,4,Ensemble,250,0,0.0,0.003063392303898633,0.7658480759746583,0.0,0.0,0.014647188635680363,0.0,4.781362353440525,1.0,1.0,0.916,,,1.0,Insufficient tail sample
Last 250,Exact,5,M1,250,1,0.004,0.0006449246955576069,0.16123117388940172,6.202274509803922,0.00010126610417905014,0.022083865000633206,0.15702004416421778,34.24254824284458,0.14894896981053832,0.1502969940601188,,1.264,,1.0,Insufficient tail sample
Last 250,Exact,5,M2,250,0,0.0,0.0006449246955576069,0.16123117388940172,0.0,0.0,0.014647188635680363,0.0,22.7114711788425,1.0,1.0,,1.3,,1.0,Insufficient tail sample
Last 250,Exact,5,M3,250,0,0.0,0.0006449246955576069,0.16123117388940172,0.0,0.0,0.014647188635680363,0.0,22.7114711788425,1.0,1.0,,1.252,,1.0,Insufficient tail sample
Last 250,Exact,5,M4,250,0,0.0,0.0006449246955576069,0.16123117388940172,0.0,0.0,0.014647188635680363,0.0,22.7114711788425,1.0,1.0,,1.34,,1.0,Insufficient tail sample
Last 250,Exact,5,M5,250,0,0.0,0.0006449246955576069,0.16123117388940172,0.0,0.0,0.014647188635680363,0.0,22.7114711788425,1.0,1.0,,1.268,,1.0,Insufficient tail sample
Last 250,Exact,5,M6,250,0,0.0,0.0006449246955576069,0.16123117388940172,0.0,0.0,0.014647188635680363,0.0,22.7114711788425,1.0,1.0,,1.1,,1.0,Insufficient tail sample
Last 250,Exact,5,Ensemble,250,0,0.0,0.0006449246955576069,0.16123117388940172,0.0,0.0,0.014647188635680363,0.0,22.7114711788425,1.0,1.0,,1.192,,1.0,Insufficient tail sample
Last 250,Exact,6,M1,250,0,0.0,0.0001289849391115214,0.03224623477788035,0.0,0.0,0.014647188635680363,0.0,113.55735589421249,1.0,1.0,,,1.516,1.0,Insufficient tail sample
Last 250,Exact,6,M2,250,0,0.0,0.0001289849391115214,0.03224623477788035,0.0,0.0,0.014647188635680363,0.0,113.55735589421249,1.0,1.0,,,1.568,1.0,Insufficient tail sample
Last 250,Exact,6,M3,250,0,0.0,0.0001289849391115214,0.03224623477788035,0.0,0.0,0.014647188635680363,0.0,113.55735589421249,1.0,1.0,,,1.5,1.0,Insufficient tail sample
Last 250,Exact,6,M4,250,0,0.0,0.0001289849391115214,0.03224623477788035,0.0,0.0,0.014647188635680363,0.0,113.55735589421249,1.0,1.0,,,1.596,1.0,Insufficient tail sample
Last 250,Exact,6,M5,250,0,0.0,0.0001289849391115214,0.03224623477788035,0.0,0.0,0.014647188635680363,0.0,113.55735589421249,1.0,1.0,,,1.476,1.0,Insufficient tail sample
Last 250,Exact,6,M6,250,0,0.0,0.0001289849391115214,0.03224623477788035,0.0,0.0,0.014647188635680363,0.0,113.55735589421249,1.0,1.0,,,1.392,1.0,Insufficient tail sample
Last 250,Exact,6,Ensemble,250,0,0.0,0.0001289849391115214,0.03224623477788035,0.0,0.0,0.014647188635680363,0.0,113.55735589421249,1.0,1.0,,,1.444,1.0,Insufficient tail sample
Last 250,NearPerfect,4,M1,250,15,0.06,0.046311283653055806,11.57782091326395,1.295580585705509,0.033966961656571024,0.09703078089909854,0.7334489346276142,2.095186599145283,0.18634097941394193,0.18435631287374252,0.98,,,0.8592200381238817,Promising historical signal - insufficient evidence
Last 250,NearPerfect,4,M2,250,12,0.048,0.046311283653055806,11.57782091326395,1.036464468564407,0.025044996923946124,0.08234462908771496,0.5407968630619798,1.7780683797194106,0.4909828789279324,0.4861502769944601,1.04,,,0.8592200381238817,Promising historical signal - insufficient evidence
Last 250,NearPerfect,4,M3,250,9,0.036,0.046311283653055806,11.57782091326395,0.7773483514233053,0.01659128292578173,0.06723690845885112,0.35825573417650175,1.4518472207024338,0.8216594953945573,0.8253634927301454,0.992,,,0.8959215947965837,No historical evidence
Last 250,NearPerfect,4,M4,250,10,0.04,0.046311283653055806,11.57782091326395,0.8637203904703393,0.019345498505264538,0.0723293554903805,0.41772753807026125,1.5618084791654856,0.7246933227671426,0.7287854242915142,1.128,,,0.8959215947965837,No historical evidence
Last 250,NearPerfect,4,M5,250,8,0.032,0.046311283653055806,11.57782091326395,0.6909763123762714,0.013914611548743825,0.062076697374870406,0.3004583430031027,1.3404227323933038,0.8959215947965837,0.8948421031579369,1.004,,,0.8959215947965837,No historical evidence
Last 250,NearPerfect,4,M6,250,12,0.048,0.046311283653055806,11.57782091326395,1.036464468564407,0.025044996923946124,0.08234462908771496,0.5407968630619798,1.7780683797194106,0.4909828789279324,0.4908501829963401,0.888,,,0.8592200381238817,Promising historical signal - insufficient evidence
Last 250,NearPerfect,4,Ensemble,250,13,0.052,0.046311283653055806,11.57782091326395,1.122836507611441,0.027974892458440544,0.08728018493035453,0.6040621259392503,1.8846418852092308,0.37470073463446246,0.372952540949181,0.916,,,0.8592200381238817,Promising historical signal - insufficient evidence
Last 250,NearPerfect,5,M1,250,4,0.016,0.012737262737262736,3.184315684315684,1.256156862745098,0.004376226508974089,0.04045738063209928,0.34357668513592654,3.176301020606383,0.39424821492013445,0.3945121097578048,,1.264,,1.0,Insufficient tail sample
Last 250,NearPerfect,5,M2,250,2,0.008,0.012737262737262736,3.184315684315684,0.628078431372549,0.0009703097230388866,0.028598347244961176,0.07617882609897456,2.2452506346828347,0.8285829366397348,0.8310033799324014,,1.3,,1.0,Insufficient tail sample
Last 250,NearPerfect,5,M3,250,1,0.004,0.012737262737262736,3.184315684315684,0.3140392156862745,0.00010126610417905014,0.022083865000633206,0.007950381982998368,1.7337999110301052,0.9594317397196237,0.9593608127837443,,1.252,,1.0,Insufficient tail sample
Last 250,NearPerfect,5,M4,250,0,0.0,0.012737262737262736,3.184315684315684,0.0,0.0,0.014647188635680363,0.0,1.1499479077894936,1.0,1.0,,1.34,,1.0,Insufficient tail sample
Last 250,NearPerfect,5,M5,250,3,0.012,0.012737262737262736,3.184315684315684,0.9421176470588236,0.0024815582547030404,0.034666614574743924,0.19482665199668578,2.721669112887739,0.6184072535747833,0.620927581448371,,1.268,,1.0,Insufficient tail sample
Last 250,NearPerfect,5,M6,250,2,0.008,0.012737262737262736,3.184315684315684,0.628078431372549,0.0009703097230388866,0.028598347244961176,0.07617882609897456,2.2452506346828347,0.8285829366397348,0.8302833943321134,,1.1,,1.0,Insufficient tail sample
Last 250,NearPerfect,5,Ensemble,250,3,0.012,0.012737262737262736,3.184315684315684,0.9421176470588236,0.0024815582547030404,0.034666614574743924,0.19482665199668578,2.721669112887739,0.6184072535747833,0.6128677426451471,,1.192,,1.0,Insufficient tail sample
Last 250,NearPerfect,6,M1,250,1,0.004,0.003224623477788035,0.8061558694470088,1.2404549019607842,0.00010126610417905014,0.022083865000633206,0.03140400883284355,6.848509648568914,0.5540098645281959,0.5542489150216996,,,1.516,0.9695172629243428,Insufficient tail sample
Last 250,NearPerfect,6,M2,250,1,0.004,0.003224623477788035,0.8061558694470088,1.2404549019607842,0.00010126610417905014,0.022083865000633206,0.03140400883284355,6.848509648568914,0.5540098645281959,0.5515689686206275,,,1.568,0.9695172629243428,Insufficient tail sample
Last 250,NearPerfect,6,M3,250,1,0.004,0.003224623477788035,0.8061558694470088,1.2404549019607842,0.00010126610417905014,0.022083865000633206,0.03140400883284355,6.848509648568914,0.5540098645281959,0.5511689766204676,,,1.5,0.9695172629243428,Insufficient tail sample
Last 250,NearPerfect,6,M4,250,0,0.0,0.003224623477788035,0.8061558694470088,0.0,0.0,0.014647188635680363,0.0,4.542294235768499,1.0,1.0,,,1.596,1.0,Insufficient tail sample
Last 250,NearPerfect,6,M5,250,1,0.004,0.003224623477788035,0.8061558694470088,1.2404549019607842,0.00010126610417905014,0.022083865000633206,0.03140400883284355,6.848509648568914,0.5540098645281959,0.5551688966220676,,,1.476,0.9695172629243428,Insufficient tail sample
Last 250,NearPerfect,6,M6,250,0,0.0,0.003224623477788035,0.8061558694470088,0.0,0.0,0.014647188635680363,0.0,4.542294235768499,1.0,1.0,,,1.392,1.0,Insufficient tail sample
Last 250,NearPerfect,6,Ensemble,250,0,0.0,0.003224623477788035,0.8061558694470088,0.0,0.0,0.014647188635680363,0.0,4.542294235768499,1.0,1.0,,,1.444,1.0,Insufficient tail sample
